CRUISEID,YR,SOURCE,VESSEL,CRUISE_NO,STARTCRU,ENDCRU,TITLE,NOTE
1,1982,US,4,125,2/24/1982,3/31/1982,Spring Groundfish Survey,0
2,1982,US,4,126,4/15/1982,5/25/1982,Spring SEAMAP Plankton Survey,0
3,1982,FL,9,821,5/16/1982,5/16/1982,Spring SEAMAP Plankton Survey,0
4,1982,LA,25,821,6/1/1982,7/13/1982,Spring SEAMAP Plankton Survey,0
5,1982,US,4,127,6/1/1982,7/14/1982,Summer SEAMAP Groundfish Survey,0
6,1982,MS,17,821,6/6/1982,6/10/1982,Summer SEAMAP Groundfish Survey,0
7,1982,AL,23,821,6/8/1982,6/3/1982,Summer SEAMAP Groundfish Survey,0
8,1982,FL,9,822,6/8/1982,6/13/1982,Spring SEAMAP Plankton Survey,0
9,1982,US,20,823,6/16/1982,7/6/1982,Summer Groundfish Survey,0
10,1982,FL,9,823,6/20/1982,6/22/1982,Spring SEAMAP Plankton Survey,0
11,1982,TX,16,823,6/23/1982,6/26/1982,Summer SEAMAP Groundfish Survey,0
12,1982,TX,16,824,6/30/1982,7/1/1982,Summer SEAMAP Groundfish Survey,0
13,1982,TX,24,825,7/9/1982,7/13/1982,Summer SEAMAP Groundfish Survey,0
14,1983,US,4,133,3/8/1983,4/13/1983,Spring Groundfish Survey,0
15,1983,US,4,134,4/22/1983,5/23/1983,Spring SEAMAP Plankton Survey,0
16,1983,US,4,135,6/1/1983,6/16/1983,Summer SEAMAP Groundfish Survey,0
17,1983,MS,17,831,6/7/1983,6/14/1983,Summer SEAMAP Groundfish Survey,0
18,1983,AL,23,831,6/9/1983,7/2/1983,Summer SEAMAP Groundfish Survey,0
19,1983,LA,25,831,6/13/1983,6/16/1983,Summer SEAMAP Groundfish Survey,0
20,1983,FL,26,831,6/15/1983,7/5/1983,Spring SEAMAP Plankton Survey,0
21,1983,TX,16,831,6/21/1983,6/22/1983,Summer SEAMAP Groundfish Survey,0
22,1983,LA,25,832,6/21/1983,6/23/1983,Summer SEAMAP Groundfish Survey,0
23,1983,FL,9,831,6/26/1983,6/29/1983,Spring SEAMAP Plankton Survey,0
24,1983,TX,16,832,6/29/1983,7/1/1983,Summer SEAMAP Groundfish Survey,0
25,1983,LA,25,833,7/5/1983,7/5/1983,Spring SEAMAP Plankton Survey,0
26,1983,TX,16,833,7/6/1983,7/11/1983,Summer SEAMAP Groundfish Survey,0
27,1983,FL,9,832,7/12/1983,7/14/1983,Fall SEAMAP Plankton Survey,0
28,1983,US,4,138,10/12/1983,11/14/1983,Fall Groundfish Survey,0
29,1983,LA,25,834,10/17/1983,11/17/1983,Fall SEAMAP Plankton Survey,0
30,1983,MS,17,832,10/18/1983,10/18/1983,Fall SEAMAP Plankton Survey,0
31,1983,US,4,140,12/8/1983,12/21/1983,Winter SEAMAP Plankton Survey,0
32,1984,US,4,142,3/8/1984,4/11/1984,Spring Groundfish/Plankton Survey,0
33,1984,US,4,143,4/21/1984,5/22/1984,Spring SEAMAP Plankton Survey,0
34,1984,LA,25,841,6/5/1984,6/20/1984,Summer SEAMAP Groundfish Survey,0
35,1984,US,4,145,6/6/1984,6/6/1984,Summer SEAMAP Groundfish Survey,0
36,1984,AL,23,841,6/6/1984,7/25/1984,Summer SEAMAP Groundfish Survey,0
37,1984,MS,17,841,6/8/1984,7/27/1984,Summer SEAMAP Groundfish Survey,0
38,1984,LA,25,842,7/9/1984,7/24/1984,Summer SEAMAP Groundfish Survey,0
39,1984,US,4,146,8/2/1984,8/27/1984,Fall SEAMAP Plankton Survey,0
40,1984,LA,25,843,8/14/1984,10/24/1984,Fall SEAMAP Plankton Survey,0
41,1984,FL,30,841,8/25/1984,8/29/1984,Fall SEAMAP Plankton Survey,0
42,1984,US,4,148,10/9/1984,11/14/1984,Fall Groundfish Survey,0
43,1984,LA,25,844,10/31/1984,11/28/1984,Fall SEAMAP Plankton Survey,0
44,1984,MS,17,842,11/7/1984,11/8/1984,Winter SEAMAP Plankton Survey,0
45,1984,US,4,149,12/1/1984,12/17/1984,Winter SEAMAP Plankton Survey,0
46,1985,US,4,151,3/5/1985,3/28/1985,Spring Groundfish Survey,0
47,1985,FL,30,851,6/5/1985,6/14/1985,Spring SEAMAP Plankton Survey,0
48,1985,US,4,153,6/10/1985,6/10/1985,Summer SEAMAP Groundfish Survey,0
49,1985,LA,25,851,6/10/1985,6/26/1985,Summer SEAMAP Groundfish Survey,0
50,1985,AL,23,851,6/10/1985,7/15/1985,Summer SEAMAP Groundfish Survey,0
51,1985,MS,17,851,6/10/1985,6/12/1985,Summer SEAMAP Groundfish Survey,0
52,1985,TX,32,851,6/15/1985,6/26/1985,Summer SEAMAP Groundfish Survey,0
53,1985,LA,35,852,6/18/1985,6/21/1985,Summer SEAMAP Groundfish Survey,0
54,1985,TX,31,851,6/26/1985,6/29/1985,Summer SEAMAP Groundfish Survey,0
55,1985,TX,33,851,6/29/1985,7/1/1985,Summer SEAMAP Groundfish Survey,0
56,1985,LA,35,853,7/22/1985,7/25/1985,Summer SEAMAP Groundfish Survey,0
57,1985,US,4,154,7/30/1985,8/26/1985,SEAMAP Butterfish Survey,0
58,1985,MS,17,852,8/2/1985,8/13/1985,SEAMAP Butterfish Survey,0
59,1985,MS,17,854,8/22/1985,8/24/1985,Summer SEAMAP Groundfish Survey,0
60,1985,LA,35,854,9/16/1985,10/4/1985,Fall Groundfish Survey,0
61,1985,US,4,156,10/15/1985,10/15/1985,Fall Groundfish Survey,0
62,1985,AL,23,852,10/15/1985,10/15/1985,Fall Groundfish Survey,0
63,1985,LA,25,855,11/5/1985,11/7/1985,Winter SEAMAP Plankton Survey,0
64,1985,MS,17,853,11/12/1985,11/14/1985,Fall Groundfish Survey,0
65,1985,TX,34,852,11/16/1985,11/17/1985,Fall Groundfish Survey,0
66,1985,TX,32,852,11/18/1985,11/19/1985,Fall Groundfish Survey,0
67,1985,TX,31,852,11/21/1985,11/21/1985,Fall Groundfish Survey,0
68,1985,TX,33,852,11/22/1985,11/22/1985,Fall Groundfish Survey,0
69,1985,LA,35,856,12/3/1985,12/13/1985,Winter SEAMAP Trawl Survey,0
70,1986,US,4,159,4/22/1986,5/22/1986,Spring SEAMAP Plankton Survey,0
71,1986,FL,54,861,5/4/1986,5/6/1986,Spring SEAMAP Plankton Survey,0
72,1986,LA,35,861,5/5/1986,5/8/1986,Spring SEAMAP Trawl Survey,0
73,1986,MS,17,861,5/13/1986,5/30/1986,SEAMAP Butterfish Survey,0
74,1986,MS,17,862,6/10/1986,6/12/1986,Summer SEAMAP Groundfish Survey,0
75,1986,AL,23,861,6/10/1986,7/17/1986,Summer SEAMAP Groundfish Survey,0
76,1986,US,4,160,6/10/1986,7/18/1986,Summer SEAMAP Groundfish Survey,0
77,1986,LA,25,862,6/11/1986,6/19/1986,Summer SEAMAP Groundfish Survey,0
78,1986,LA,35,863,6/16/1986,6/19/1986,Summer SEAMAP Groundfish Survey,0
79,1986,TX,33,861,6/22/1986,6/23/1986,Summer SEAMAP Groundfish Survey,0
80,1986,TX,31,861,6/23/1986,6/24/1986,Summer SEAMAP Groundfish Survey,0
81,1986,TX,34,861,6/23/1986,6/25/1986,Summer SEAMAP Groundfish Survey,0
82,1986,TX,32,861,6/23/1986,6/24/1986,Summer SEAMAP Groundfish Survey,0
83,1986,MS,17,863,7/15/1986,7/18/1986,Summer SEAMAP Groundfish Survey,0
84,1986,US,4,161,9/3/1986,9/26/1986,Fall SEAMAP Plankton Survey,0
85,1986,FL,36,862,9/6/1986,9/13/1986,Fall SEAMAP Plankton Survey,0
86,1986,MS,17,864,9/8/1986,9/10/1986,Fall SEAMAP Plankton Survey,0
87,1986,US,28,865,9/13/1986,9/22/1986,Fall SEAMAP Plankton Survey,0
88,1986,AL,23,862,9/22/1986,9/18/1986,Fall SEAMAP Plankton Survey,0
89,1986,US,4,163,10/23/1986,11/23/1986,Fall SEAMAP Groundfish Survey,0
90,1986,LA,35,864,10/27/1986,10/30/1986,Fall SEAMAP Groundfish Survey,0
91,1986,AL,23,863,10/28/1986,10/28/1986,Fall SEAMAP Groundfish Survey,0
92,1986,MS,17,865,10/29/1986,10/31/1986,Fall SEAMAP Groundfish Survey,0
93,1986,LA,25,865,11/5/1986,11/6/1986,Fall SEAMAP Groundfish Survey,0
94,1986,FL,36,864,11/15/1986,11/21/1986,Winter SEAMAP Plankton Survey,0
95,1986,TX,33,862,11/17/1986,11/17/1986,Fall SEAMAP Groundfish Survey,0
96,1986,TX,32,862,11/17/1986,11/17/1986,Fall SEAMAP Groundfish Survey,0
97,1986,TX,31,862,11/17/1986,11/17/1986,Fall SEAMAP Groundfish Survey,0
98,1986,TX,34,862,11/18/1986,11/20/1986,Fall SEAMAP Groundfish Survey,0
99,1986,LA,35,866,12/1/1986,12/4/1986,Winter SEAMAP Trawl Survey,0
100,1987,MS,17,871,4/9/1987,4/18/1987,SEAMAP Butterfish Survey,0
101,1987,LA,35,871,4/14/1987,5/20/1987,Spring SEAMAP Trawl Survey,0
102,1987,US,4,166,4/15/1987,5/22/1987,Spring SEAMAP Plankton Survey,0
103,1987,FL,36,873,5/1/1987,5/9/1987,Spring SEAMAP Plankton Survey,0
104,1987,TX,31,871,6/2/1987,6/16/1987,Summer SEAMAP Groundfish Survey,0
105,1987,TX,32,871,6/2/1987,6/16/1987,Summer SEAMAP Groundfish Survey,0
106,1987,TX,40,871,6/3/1987,6/16/1987,Summer SEAMAP Groundfish Survey,0
107,1987,TX,33,871,6/6/1987,6/17/1987,Summer SEAMAP Groundfish Survey,0
108,1987,TX,34,871,6/11/1987,6/16/1987,Summer SEAMAP Groundfish Survey,0
109,1987,US,4,167,6/11/1987,7/14/1987,Summer SEAMAP Groundfish Survey,0
110,1987,MS,17,872,6/11/1987,6/12/1987,Summer SEAMAP Groundfish Survey,0
111,1987,AL,23,871,6/12/1987,6/12/1987,Summer SEAMAP Groundfish Survey,0
112,1987,LA,25,873,7/6/1987,7/9/1987,Summer SEAMAP Groundfish Survey,0
113,1987,LA,35,872,7/7/1987,7/11/1987,Summer SEAMAP Groundfish Survey,0
114,1987,AL,23,872,7/10/1987,7/15/1987,Summer SEAMAP Groundfish Survey,0
115,1987,FL,36,875,9/1/1987,9/8/1987,Fall SEAMAP Plankton Survey,0
116,1987,US,4,169,9/12/1987,9/27/1987,Fall SEAMAP Plankton Survey,0
117,1987,MS,17,873,9/15/1987,9/18/1987,Fall SEAMAP Plankton Survey,0
118,1987,AL,23,873,9/16/1987,9/16/1987,Fall SEAMAP Plankton Survey,0
119,1987,LA,35,874,9/28/1987,10/1/1987,Fall SEAMAP Groundfish Survey,0
120,1987,LA,35,876,10/20/1987,10/20/1987,Fall SEAMAP Groundfish Survey,0
121,1987,US,4,171,10/23/1987,11/22/1987,Fall SEAMAP Groundfish Survey,0
122,1987,MS,17,874,10/25/1987,10/26/1987,Fall SEAMAP Groundfish Survey,0
123,1987,AL,23,874,10/26/1987,10/26/1987,Fall SEAMAP Groundfish Survey,0
124,1987,AL,23,875,10/28/1987,11/2/1987,Fall SEAMAP Groundfish Survey,0
125,1987,TX,40,872,11/1/1987,11/24/1987,Fall SEAMAP Groundfish Survey,0
126,1987,TX,31,872,11/2/1987,11/18/1987,Fall SEAMAP Groundfish Survey,0
127,1987,TX,34,872,11/3/1987,11/30/1987,Fall SEAMAP Groundfish Survey,0
128,1987,TX,33,872,11/3/1987,11/30/1987,Fall SEAMAP Groundfish Survey,0
129,1987,TX,32,872,11/3/1987,11/21/1987,Fall SEAMAP Groundfish Survey,0
130,1987,LA,25,875,11/12/1987,11/13/1987,Fall SEAMAP Groundfish Survey,0
131,1987,LA,35,877,11/30/1987,12/3/1987,Fall SEAMAP Groundfish Survey,0
132,1988,LA,35,881,3/28/1988,3/31/1988,Spring SEAMAP Trawl Survey,0
133,1988,US,4,173,4/20/1988,5/26/1988,Spring SEAMAP Plankton Survey,0
134,1988,FL,36,881,5/2/1988,5/7/1988,Spring SEAMAP Plankton Survey,0
135,1988,TX,31,881,6/2/1988,6/23/1988,Summer SEAMAP Groundfish Survey,0
136,1988,TX,40,881,6/2/1988,6/16/1988,Summer SEAMAP Groundfish Survey,0
137,1988,TX,34,881,6/3/1988,6/21/1988,Summer SEAMAP Groundfish Survey,0
138,1988,TX,32,881,6/3/1988,6/22/1988,Summer SEAMAP Groundfish Survey,0
139,1988,MS,17,881,6/11/1988,7/11/1988,Summer SEAMAP Groundfish Survey,0
140,1988,US,4,174,6/13/1988,7/14/1988,Summer SEAMAP Groundfish Survey,0
141,1988,TX,33,881,6/14/1988,6/23/1988,Summer SEAMAP Groundfish Survey,0
142,1988,AL,23,881,6/16/1988,6/17/1988,Summer SEAMAP Groundfish Survey,0
143,1988,LA,25,883,7/5/1988,7/14/1988,Summer SEAMAP Groundfish Survey,0
144,1988,LA,35,882,7/11/1988,7/14/1988,Summer SEAMAP Groundfish Survey,0
145,1988,AL,23,882,7/12/1988,7/12/1988,Summer SEAMAP Groundfish Survey,0
146,1988,US,4,176,8/25/1988,9/28/1988,Fall SEAMAP Plankton Survey,0
147,1988,FL,36,882,8/26/1988,9/2/1988,Fall SEAMAP Plankton Survey,0
148,1988,AL,23,883,9/12/1988,9/12/1988,Fall SEAMAP Plankton Survey,0
149,1988,MS,17,882,9/13/1988,9/30/1988,Fall SEAMAP Plankton Survey,0
150,1988,LA,35,884,10/3/1988,10/12/1988,Fall SEAMAP Groundfish Survey,0
151,1988,US,4,177,10/8/1988,10/8/1988,Fall SEAMAP Groundfish Survey,0
152,1988,TX,33,882,11/2/1988,11/23/1988,Fall SEAMAP Groundfish Survey,0
153,1988,TX,32,882,11/2/1988,11/23/1988,Fall SEAMAP Groundfish Survey,0
154,1988,TX,40,882,11/2/1988,11/22/1988,Fall SEAMAP Groundfish Survey,0
155,1988,LA,25,885,11/3/1988,11/14/1988,Fall SEAMAP Groundfish Survey,0
156,1988,TX,34,882,11/8/1988,11/23/1988,Fall SEAMAP Groundfish Survey,0
157,1988,MS,17,883,11/9/1988,11/12/1988,Fall SEAMAP Groundfish Survey,0
158,1988,TX,31,882,11/13/1988,12/6/1988,Fall SEAMAP Groundfish Survey,0
159,1988,LA,35,886,11/28/1988,12/15/1988,Winter SEAMAP Trawl Survey,0
160,1989,LA,35,891,3/20/1989,4/9/1989,Spring SEAMAP Trawl Survey,0
161,1989,US,49,892,4/24/1989,5/19/1989,Spring SEAMAP Plankton Survey,0
162,1989,FL,36,891,5/11/1989,5/16/1989,Spring SEAMAP Plankton Survey,0
163,1989,TX,40,891,6/2/1989,6/20/1989,Summer SEAMAP Groundfish Survey,0
164,1989,TX,33,891,6/6/1989,6/16/1989,Summer SEAMAP Groundfish Survey,0
165,1989,TX,34,891,6/6/1989,6/19/1989,Summer SEAMAP Groundfish Survey,0
166,1989,TX,32,891,6/6/1989,6/20/1989,Summer SEAMAP Groundfish Survey,0
167,1989,AL,23,891,6/7/1989,6/7/1989,Summer SEAMAP Groundfish Survey,0
168,1989,TX,31,891,6/7/1989,6/20/1989,Summer SEAMAP Groundfish Survey,0
169,1989,MS,17,891,6/9/1989,7/11/1989,Summer SEAMAP Groundfish Survey,0
170,1989,US,4,180,6/16/1989,7/16/1989,Summer SEAMAP Groundfish Suvey,0
171,1989,LA,35,892,7/10/1989,7/13/1989,Summer SEAMAP Groundfish Survey,0
172,1989,LA,25,893,7/10/1989,7/12/1989,Summer SEAMAP Groundfish Survey,0
173,1989,AL,23,892,7/11/1989,7/14/1989,Summer SEAMAP Groundfish Survey,0
174,1989,US,4,183,9/2/1989,9/29/1989,Fall SEAMAP Plankton Survey,0
175,1989,AL,23,893,9/12/1989,9/12/1989,Fall SEAMAP Plankton Survey,0
176,1989,MS,17,892,9/16/1989,9/19/1989,Fall SEAMAP Plankton Survey,0
177,1989,LA,35,894,10/2/1989,10/6/1989,Fall SEAMAP Groundfish Survey,0
178,1989,FL,36,892,10/4/1989,10/11/1989,Fall SEAMAP Plankton Survey,0
179,1989,US,4,184,10/16/1989,11/19/1989,Fall SEAMAP Groundfish Survey,0
180,1989,AL,23,894,10/25/1989,10/25/1989,Fall SEAMAP Groundfish Survey,0
181,1989,TX,33,892,11/1/1989,11/21/1989,Fall SEAMAP Groundfish Survey,0
182,1989,TX,40,892,11/7/1989,11/21/1989,Fall SEAMAP Groundfish Survey,0
183,1989,TX,32,892,11/10/1989,12/21/1989,Fall SEAMAP Groundfish Survey,0
184,1989,LA,35,896,11/11/1989,11/12/1989,SEAMAP Comparitive Tow,0
185,1989,TX,34,892,11/12/1989,11/21/1989,Fall SEAMAP Groundfish Survey,0
186,1989,LA,25,895,11/13/1989,11/20/1989,Fall SEAMAP Groundfish Survey,0
187,1989,TX,31,892,11/13/1989,11/21/1989,Fall SEAMAP Groundfish Survey,0
188,1989,MS,17,893,11/17/1989,11/20/1989,Fall SEAMAP Groundfish Survey,0
189,1989,LA,35,897,12/13/1989,12/14/1989,Winter SEAMAP Trawl Survey,0
190,1990,LA,35,901,4/11/1990,4/13/1990,Spring SEAMAP Trawl Survey,0
191,1990,US,4,187,4/20/1990,5/24/1990,Spring SEAMAP Plankton Survey,0
192,1990,FL,36,901,5/24/1990,5/30/1990,Spring SEAMAP Plankton Survey,0
193,1990,US,4,188,5/30/1990,6/5/1990,Reef Fish Survey,0
194,1990,US,28,904,5/30/1990,6/30/1990,Spring SEAMAP Plankton Survey,0
195,1990,AL,23,901,6/7/1990,6/11/1990,Summer SEAMAP Groundfish Survey,0
196,1990,MS,17,901,6/9/1990,8/7/1990,Summer SEAMAP Groundfish Survey,0
197,1990,TX,33,901,6/10/1990,6/18/1990,Summer SEAMAP Groundfish Survey,0
198,1990,TX,32,901,6/11/1990,6/18/1990,Summer SEAMAP Groundfish Survey,0
199,1990,TX,31,901,6/12/1990,6/19/1990,Summer SEAMAP Groundfish Survey,0
200,1990,TX,40,901,6/12/1990,6/18/1990,Summer SEAMAP Groundfish Survey,0
201,1990,TX,34,901,6/13/1990,6/21/1990,Summer SEAMAP Groundfish Survey,0
202,1990,US,4,189,6/14/1990,7/13/1990,Summer SEAMAP Groundfish Survey,0
203,1990,LA,25,903,7/9/1990,7/11/1990,Summer SEAMAP Groundfish Survey,0
204,1990,LA,35,902,7/9/1990,7/12/1990,Summer SEAMAP Groundfish Survey,0
205,1990,AL,23,902,7/12/1990,7/12/1990,Summer SEAMAP Groundfish Survey,0
206,1990,US,4,190,9/2/1990,9/29/1990,Fall SEAMAP Plankton Survey,0
207,1990,MS,17,902,9/7/1990,9/16/1990,Fall SEAMAP Plankton Survey,0
208,1990,AL,23,903,9/19/1990,9/19/1990,Fall SEAMAP Plankton Survey,0
209,1990,LA,35,904,10/1/1990,10/4/1990,Fall SEAMAP Groundfish Survey,0
210,1990,US,4,191,10/12/1990,11/18/1990,Fall SEAMAP Groundfish Survey,0
211,1990,FL,36,902,10/13/1990,10/18/1990,Fall SEAMAP Plankton Survey,0
212,1990,TX,33,902,11/1/1990,11/16/1990,Fall SEAMAP Groundfish Survey,0
213,1990,TX,32,902,11/1/1990,11/16/1990,Fall SEAMAP Groundfish Survey,0
214,1990,TX,40,902,11/1/1990,11/16/1990,Fall SEAMAP Groundfish Survey,0
215,1990,TX,34,902,11/6/1990,11/19/1990,Fall SEAMAP Groundfish Survey,0
216,1990,LA,25,905,11/7/1990,11/14/1990,Fall SEAMAP Groundfish Survey,0
217,1990,TX,31,902,11/12/1990,11/28/1990,Fall SEAMAP Groundfish Survey,0
218,1990,AL,23,904,11/13/1990,11/15/1990,Fall SEAMAP Groundfish Survey,0
219,1990,MS,17,903,11/15/1990,11/18/1990,Fall SEAMAP Groundfish Survey,0
220,1990,LA,35,906,11/26/1990,12/7/1990,Winter SEAMAP Trawl Survey,0
221,1991,LA,35,911,3/25/1991,4/4/1991,Spring SEAMAP Trawl Survey,0
222,1991,US,4,194,4/17/1991,5/22/1991,Spring SEAMAP Plankton Survey,0
223,1991,FL,36,911,5/7/1991,5/9/1991,Spring SEAMAP Plankton Survey,0
224,1991,TX,40,911,6/3/1991,6/18/1991,Summer SEAMAP Groundfish Survey,0
225,1991,AL,23,911,6/3/1991,6/5/1991,Summer SEAMAP Groundfish Survey,0
226,1991,TX,32,911,6/4/1991,6/20/1991,Summer SEAMAP Groundfish Survey,0
227,1991,TX,34,911,6/5/1991,6/18/1991,Summer SEAMAP Groundfish Survey,0
228,1991,TX,33,911,6/5/1991,6/18/1991,Summer SEAMAP Groundfish Survey,0
229,1991,US,4,195,6/11/1991,7/13/1991,Summer SEAMAP Groundfish Survey,0
230,1991,TX,31,911,6/11/1991,6/18/1991,Summer SEAMAP Groundfish Survey,0
231,1991,MS,17,911,6/14/1991,7/11/1991,Summer SEAMAP Groundfish Survey,0
232,1991,LA,35,912,7/8/1991,7/12/1991,Summer SEAMAP Groundfish Survey,0
233,1991,LA,25,913,7/9/1991,7/10/1991,Summer SEAMAP Groundfish Survey,0
234,1991,FL,36,912,8/21/1991,8/25/1991,Fall SEAMAP Plankton Survey,0
235,1991,US,28,914,8/23/1991,9/26/1991,Fall SEAMAP Plankton Survey,0
236,1991,AL,23,912,9/12/1991,9/12/1991,Fall SEAMAP Plankton Survey,0
237,1991,MS,17,912,9/14/1991,9/29/1991,Fall SEAMAP Plankton Survey,0
238,1991,LA,35,914,9/30/1991,10/4/1991,Fall SEAMAP Groundfish Survey,0
239,1991,US,4,197,10/11/1991,11/18/1991,Fall SEAMAP Groundfish Survey,0
240,1991,AL,23,913,10/17/1991,10/17/1991,Fall SEAMAP Groundfish Survey,0
241,1991,LA,25,915,11/5/1991,11/6/1991,Fall SEAMAP Groundfish Survey,0
242,1991,TX,32,912,11/6/1991,11/21/1991,Fall SEAMAP Groundfish Survey,0
243,1991,TX,33,912,11/7/1991,11/22/1991,Fall SEAMAP Groundfish Survey,0
244,1991,TX,31,912,11/10/1991,11/21/1991,Fall SEAMAP Groundfish Survey,0
245,1991,TX,34,912,11/11/1991,11/18/1991,Fall SEAMAP Groundfish Survey,0
246,1991,TX,40,912,11/13/1991,11/22/1991,Fall SEAMAP Groundfish Survey,0
247,1991,MS,17,913,11/14/1991,11/16/1991,Fall SEAMAP Groundfish Survey,0
248,1991,LA,35,916,12/2/1991,12/6/1991,Winter SEAMAP Trawl Survey,0
249,1992,LA,35,921,3/9/1992,3/13/1992,Spring SEAMAP Trawl Survey,0
250,1992,US,4,199,4/22/1992,6/7/1992,Spring SEAMAP Plankton Survey,0
251,1992,US,28,922,4/30/1992,5/13/1992,Spring Plankton NEO-Mississippi River Survey,0
252,1992,MS,17,921,5/12/1992,5/14/1992,SEAMAP Trap Video Survey,0
253,1992,FL,26,921,5/17/1992,5/21/1992,Spring SEAMAP Plankton Survey,0
254,1992,TX,31,921,6/3/1992,6/18/1992,Summer SEAMAP Groundfish Survey,0
255,1992,TX,32,921,6/3/1992,6/22/1992,Summer SEAMAP Groundfish Survey,0
256,1992,AL,23,921,6/4/1992,6/12/1992,Summer SEAMAP Groundfish Survey,0
257,1992,TX,34,921,6/4/1992,6/23/1992,Summer SEAMAP Groundfish Survey,0
258,1992,TX,33,921,6/8/1992,6/23/1992,Summer SEAMAP Groundfish Survey,0
259,1992,TX,40,921,6/9/1992,6/21/1992,Summer SEAMAP Groundfish Survey,0
260,1992,MS,17,922,6/11/1992,7/13/1992,Summer SEAMAP Groundfish Survey,0
261,1992,US,4,200,6/12/1992,7/13/1992,Summer SEAMAP Groundfish Survey,0
262,1992,LA,35,922,7/6/1992,7/9/1992,Summer SEAMAP Groundfish Survey,0
263,1992,AL,23,920,7/8/1992,9/10/1992,SEAMAP Trap Video Survey,0
264,1992,US,28,925,8/30/1992,9/20/1992,Fall SEAMAP Plankton Survey,0
265,1992,AL,23,922,9/22/1992,9/22/1992,Fall SEAMAP Plankton Survey,0
266,1992,US,4,201,9/24/1992,9/29/1992,Fall SEAMAP Plankton Survey,0
267,1992,LA,35,923,9/28/1992,10/1/1992,Fall SEAMAP Groundfish Survey,0
268,1992,US,17,923,9/29/1992,9/29/1992,Fall SEAMAP Plankton Survey,0
269,1992,FL,26,922,10/12/1992,10/19/1992,Fall SEAMAP Plankton Survey,0
270,1992,US,4,202,10/14/1992,11/19/1992,Fall SEAMAP Groundfish Survey,0
271,1992,AL,23,923,10/28/1992,10/28/1992,Fall SEAMAP Groundfish Survey,0
272,1992,TX,34,922,11/2/1992,11/17/1992,Fall SEAMAP Groundfish Survey,0
273,1992,TX,31,922,11/2/1992,11/16/1992,Fall SEAMAP Groundfish Survey,0
274,1992,TX,32,922,11/12/1992,11/16/1992,Fall SEAMAP Groundfish Survey,0
275,1992,TX,40,922,11/12/1992,11/16/1992,Fall SEAMAP Groundfish Survey,0
276,1992,MS,17,924,11/15/1992,11/17/1992,Fall SEAMAP Groundfish Survey,0
277,1992,TX,33,922,11/15/1992,11/23/1992,Fall SEAMAP Groundfish Survey,0
278,1992,LA,35,924,12/7/1992,12/11/1992,Winter SEAMAP Trawl Survey,0
279,1993,US,4,203,1/6/1993,2/12/1993,Winter SEAMAP Plankton Survey,0
280,1993,LA,35,931,3/22/1993,3/26/1993,Spring SEAMAP Trawl Survey,0
281,1993,US,28,934,4/26/1993,5/14/1993,Spring SEAMAP Plankton Survey,0
282,1993,US,4,204,5/6/1993,6/15/1993,Spring SEAMAP Plankton Survey,0
283,1993,FL,30,931,5/12/1993,5/15/1993,Spring SEAMAP Plankton Survey,0
284,1993,MS,17,931,5/19/1993,5/20/1993,SEAMAP Trap Video Survey,0
285,1993,US,28,935,5/23/1993,7/1/1993,Spring SEAMAP Plankton Survey,0
286,1993,TX,32,931,6/1/1993,6/16/1993,Summer SEAMAP Groundfish Survey,0
287,1993,TX,34,931,6/2/1993,6/16/1993,Summer SEAMAP Groundfish Survey,0
288,1993,AL,23,931,6/3/1993,6/11/1993,Summer SEAMAP Groundfish Survey,0
289,1993,MS,17,932,6/11/1993,7/8/1993,Summer SEAMAP Groundfish Survey,0
290,1993,TX,33,931,6/12/1993,6/16/1993,Summer SEAMAP Groundfish Survey,0
291,1993,TX,40,931,6/13/1993,6/16/1993,Summer SEAMAP Groundfish Survey,0
292,1993,TX,31,931,6/14/1993,6/28/1993,Summer SEAMAP Groundfish Survey,0
293,1993,US,4,205,6/19/1993,6/19/1993,Summer SEAMAP Groundfish Survey,0
294,1993,LA,35,932,7/5/1993,7/8/1993,Summer SEAMAP Groundfish Survey,0
295,1993,AL,23,934,7/29/1993,11/30/1993,SEAMAP Trap Video Survey,0
296,1993,AL,23,930,8/24/1993,9/29/1993,SEAMAP Comparitve Tow,0
297,1993,MS,17,930,8/24/1993,9/29/1993,SEAMAP Comparitve Tow,0
298,1993,US,28,936,8/30/1993,9/29/1993,Fall SEAMAP Plankton Survey,0
299,1993,MS,17,933,9/9/1993,9/11/1993,Fall SEAMAP Plankton Survey,0
300,1993,MS,17,934,9/19/1993,9/21/1993,Fall SEAMAP Plankton Survey,0
301,1993,AL,23,932,9/21/1993,9/21/1993,Fall SEAMAP Plankton Survey,0
302,1993,LA,35,933,10/4/1993,10/7/1993,Fall SEAMAP Groundfish Survey,0
303,1993,US,4,207,10/5/1993,10/6/1993,Fall SEAMAP Plankton Survey,0
304,1993,FL,26,932,10/11/1993,10/18/1993,Fall SEAMAP Plankton Survey,0
305,1993,US,4,208,10/15/1993,11/18/1993,Fall SEAMAP Groundfish Survey,0
306,1993,AL,23,933,10/25/1993,10/27/1993,Fall SEAMAP Groundfish Survey,0
307,1993,MS,17,935,10/28/1993,11/3/1993,Fall SEAMAP Groundfish Survey,0
308,1993,TX,32,932,11/1/1993,11/19/1993,Fall SEAMAP Groundfish Survey,0
309,1993,TX,33,932,11/3/1993,11/18/1993,Fall SEAMAP Groundfish Survey,0
310,1993,TX,31,932,11/3/1993,11/22/1993,Fall SEAMAP Groundfish Survey,0
311,1993,TX,34,932,11/11/1993,11/17/1993,Fall SEAMAP Groundfish Survey,0
312,1993,TX,40,932,11/11/1993,11/18/1993,Fall SEAMAP Groundfish Survey,0
313,1993,LA,35,934,11/29/1993,12/3/1993,Winter SEAMAP Trawl Survey,0
314,1994,LA,35,941,3/18/1994,3/31/1994,Spring SEAMAP Trawl Survey,0
315,1994,US,4,209,4/16/1994,6/9/1994,Spring SEAMAP Plankton Survey,0
316,1994,LA,35,940,5/9/1994,5/12/1994,SEAMAP Comparitive Tow,0
317,1994,MS,17,940,5/9/1994,5/12/1994,Spring SEAMAP Trawl Survey,0
318,1994,FL,36,941,5/20/1994,5/22/1994,Spring SEAMAP Plankton Survey,0
319,1994,US,28,944,5/20/1994,5/31/1994,Spring Plankton Blue Fin Larval Survey,0
320,1994,TX,33,941,6/1/1994,6/21/1994,Summer SEAMAP Groundfish Survey,0
321,1994,TX,32,941,6/2/1994,6/21/1994,Summer SEAMAP Groundfish Survey,0
322,1994,AL,23,941,6/2/1994,6/9/1994,Summer SEAMAP Groundfish Survey,0
323,1994,TX,31,941,6/6/1994,6/20/1994,Summer SEAMAP Groundfish Survey,0
324,1994,TX,34,941,6/7/1994,6/25/1994,Summer SEAMAP Groundfish Survey,0
325,1994,US,28,945,6/9/1994,7/21/1994,Reef Fish Survey,0
326,1994,MS,17,941,6/10/1994,7/7/1994,Summer SEAMAP Groundfish Survey,0
327,1994,TX,40,941,6/14/1994,6/20/1994,Summer SEAMAP Groundfish Survey,0
328,1994,US,4,210,6/16/1994,7/18/1994,Summer SEAMAP Groundfish Survey,0
329,1994,LA,35,942,7/4/1994,7/7/1994,Summer SEAMAP Groundfish Survey,0
330,1994,MS,17,942,8/5/1994,8/7/1994,SEAMAP Trap Video Survey,0
331,1994,MS,17,943,9/9/1994,9/11/1994,Fall SEAMAP Plankton Survey,0
332,1994,US,28,946,9/11/1994,9/29/1994,Fall SEAMAP Plankton Survey,0
333,1994,LA,35,943,9/26/1994,9/29/1994,Fall SEAMAP Groundfish Survey,0
334,1994,AL,23,944,9/26/1994,12/8/1994,SEAMAP Trap Video Survey,0
335,1994,FL,36,942,9/28/1994,10/8/1994,Fall SEAMAP Plankton Survey,0
336,1994,AL,23,942,9/28/1994,9/28/1994,Fall SEAMAP Plankton Survey,0
337,1994,MS,17,944,10/2/1994,10/2/1994,Fall SEAMAP Plankton Survey,0
338,1994,US,4,214,10/14/1994,11/20/1994,Fall SEAMAP Groundfish Survey,0
339,1994,AL,23,943,10/24/1994,10/24/1994,Fall SEAMAP Groundfish Survey,0
340,1994,MS,17,945,10/27/1994,11/13/1994,Fall SEAMAP Groundfish Survey,0
341,1994,TX,40,942,11/7/1994,11/18/1994,Fall SEAMAP Groundfish Survey,0
342,1994,TX,34,942,11/8/1994,11/18/1994,Fall SEAMAP Groundfish Survey,0
343,1994,TX,33,942,11/8/1994,11/17/1994,Fall SEAMAP Groundfish Survey,0
344,1994,TX,31,942,11/14/1994,11/17/1994,Fall SEAMAP Groundfish Survey,0
345,1994,TX,32,942,11/14/1994,11/30/1994,Fall SEAMAP Groundfish Survey,0
346,1994,LA,35,944,11/28/1994,12/2/1994,Winter SEAMAP Trawl Survey,0
347,1995,AL,23,950,1/9/1995,12/1/1995,SEAMAP Trap Video Survey,0
348,1995,LA,35,951,3/21/1995,3/25/1995,Spring SEAMAP Trawl Survey,0
349,1995,US,4,216,4/19/1995,6/7/1995,Spring SEAMAP Plankton Survey,0
350,1995,FL,26,951,4/20/1995,4/28/1995,Spring SEAMAP Plankton Survey,0
351,1995,TX,33,951,6/1/1995,6/22/1995,Summer SEAMAP Groundfish Survey,0
352,1995,TX,40,951,6/2/1995,6/20/1995,Summer SEAMAP Groundfish Survey,0
353,1995,TX,32,951,6/5/1995,6/20/1995,Summer SEAMAP Groundfish Survey,0
354,1995,AL,23,951,6/6/1995,6/8/1995,Summer SEAMAP Groundfish Survey,0
355,1995,MS,17,951,6/9/1995,7/8/1995,Summer SEAMAP Groundfish Survey,0
356,1995,TX,34,951,6/12/1995,6/20/1995,Summer SEAMAP Groundfish Survey,0
357,1995,TX,31,951,6/13/1995,6/21/1995,Summer SEAMAP Groundfish Survey,0
358,1995,US,4,217,6/17/1995,7/19/1995,Summer SEAMAP Groundfish Survey,0
359,1995,US,28,954,6/21/1995,7/28/1995,Tuna/Reef Fish Survey,0
360,1995,LA,35,952,6/26/1995,6/30/1995,Summer SEAMAP Groundfish Survey,0
361,1995,TX,31,953,8/29/1995,8/29/1995,SEAMAP Trap Video Survey,0
362,1995,US,28,955,9/6/1995,9/26/1995,Fall SEAMAP Plankton Survey,0
363,1995,AL,23,952,9/14/1995,9/14/1995,Fall SEAMAP Plankton Survey,0
364,1995,MS,17,952,9/16/1995,9/18/1995,Fall SEAMAP Plankton Survey,0
365,1995,MS,17,953,9/20/1995,9/22/1995,SEAMAP Trap Video Survey,0
366,1995,FL,26,952,9/24/1995,9/28/1995,Fall SEAMAP Plankton Survey,0
367,1995,LA,35,953,9/25/1995,9/29/1995,Fall SEAMAP Groundfish Survey,0
368,1995,US,4,219,10/16/1995,11/16/1995,Fall SEAMAP Groundfish Survey,0
369,1995,MS,17,954,10/28/1995,11/15/1995,Fall SEAMAP Groundfish Survey,0
370,1995,TX,32,952,11/7/1995,11/22/1995,Fall SEAMAP Groundfish Survey,0
371,1995,TX,33,952,11/13/1995,11/22/1995,Fall SEAMAP Groundfish Survey,0
372,1995,TX,34,952,11/13/1995,11/22/1995,Fall SEAMAP Groundfish Survey,0
373,1995,TX,31,952,11/13/1995,11/16/1995,Fall SEAMAP Groundfish Survey,0
374,1995,TX,40,952,11/13/1995,11/25/1995,Fall SEAMAP Groundfish Survey,0
375,1995,AL,23,953,12/4/1995,12/4/1995,Winter SEAMAP Trawl Survey,0
376,1996,LA,35,960,1/9/1996,1/12/1996,Winter SEAMAP Trawl Survey,0
377,1996,US,4,220,4/17/1996,6/8/1996,Spring SEAMAP Plankton Survey,0
378,1996,AL,23,964,5/8/1996,10/24/1996,SEAMAP Trap Video Survey,0
379,1996,FL,26,961,5/20/1996,5/25/1996,Spring SEAMAP Plankton Survey,0
380,1996,TX,40,961,6/3/1996,6/18/1996,Summer SEAMAP Groundfish Survey,0
381,1996,TX,31,961,6/4/1996,6/27/1996,Summer SEAMAP Groundfish Survey,0
382,1996,TX,34,961,6/4/1996,6/17/1996,Summer SEAMAP Groundfish Survey,0
383,1996,TX,32,961,6/4/1996,6/29/1996,Summer SEAMAP Groundfish Survey,0
384,1996,TX,33,961,6/4/1996,6/17/1996,Summer SEAMAP Groundfish Survey,0
385,1996,AL,23,961,6/5/1996,6/5/1996,Summer SEAMAP Groundfish Survey,0
386,1996,MS,17,961,6/6/1996,7/7/1996,Summer SEAMAP Groundfish Survey,0
387,1996,US,4,221,6/14/1996,7/17/1996,Summer SEAMAP Groundfish Survey,0
388,1996,US,28,964,6/28/1996,8/21/1996,Reef Fish Survey,0
389,1996,LA,35,961,7/1/1996,7/5/1996,Summer SEAMAP Groundfish Survey,0
390,1996,US,28,965,9/5/1996,9/25/1996,Fall SEAMAP Plankton Survey,0
391,1996,FL,26,962,9/11/1996,9/14/1996,Fall SEAMAP Plankton Survey,0
392,1996,MS,17,962,9/21/1996,9/23/1996,Fall SEAMAP Plankton Survey,0
393,1996,LA,35,962,9/30/1996,10/3/1996,Fall SEAMAP Groundfish Survey,0
394,1996,US,4,223,10/2/1996,11/23/1996,Comparative Tow,0
395,1996,AL,23,962,10/10/1996,10/10/1996,Fall SEAMAP Plankton Survey,0
396,1996,US,4,224,10/11/1996,11/22/1996,Fall SEAMAP Groundfish Survey,0
397,1996,US,28,966,10/11/1996,11/24/1996,Small Pelegic/Acoustic/Plankton Survey,0
398,1996,MS,17,963,10/21/1996,10/25/1996,Fall SEAMAP Groundfish Survey,0
399,1996,AL,23,963,10/28/1996,10/30/1996,Fall SEAMAP Groundfish Survey,0
400,1996,TX,40,962,11/5/1996,11/20/1996,Fall SEAMAP Groundfish Survey,0
401,1996,TX,31,962,11/10/1996,11/20/1996,Fall SEAMAP Groundfish Survey,0
402,1996,TX,32,962,11/11/1996,11/19/1996,Fall SEAMAP Groundfish Survey,0
403,1996,TX,34,962,11/12/1996,11/19/1996,Fall SEAMAP Groundfish Survey,0
404,1996,TX,33,962,11/13/1996,11/20/1996,Fall SEAMAP Groundfish Survey,0
405,1996,LA,35,963,12/2/1996,12/5/1996,Winter SEAMAP Trawl Survey,0
406,1996,US,28,967,12/3/1996,12/16/1996,Winter SEAMAP Plankton Survey,0
407,1997,US,4,225,4/17/1997,6/9/1997,Spring SEAMAP Plankton Survey,0
408,1997,FL,26,971,5/16/1997,5/18/1997,Spring SEAMAP Plankton Survey,0
409,1997,TX,32,971,6/2/1997,6/25/1997,Summer SEAMAP Groundfish Survey,0
410,1997,TX,33,971,6/2/1997,6/19/1997,Summer SEAMAP Groundfish Survey,0
411,1997,TX,40,971,6/3/1997,6/24/1997,Summer SEAMAP Groundfish Survey,0
412,1997,TX,34,971,6/3/1997,6/25/1997,Summer SEAMAP Groundfish Survey,0
413,1997,AL,23,971,6/4/1997,6/4/1997,Summer SEAMAP Groundfish Survey,0
414,1997,TX,31,971,6/4/1997,6/26/1997,Summer SEAMAP Groundfish Survey,0
415,1997,MS,17,971,6/6/1997,7/11/1997,Summer SEAMAP Groundfish Survey,0
416,1997,US,4,226,6/13/1997,7/16/1997,Summer SEAMAP Groundfish Survey,0
417,1997,US,28,974,6/20/1997,8/17/1997,Reef Fish Survey,0
418,1997,LA,35,971,6/29/1997,7/2/1997,Summer SEAMAP Groundfish Survey,0
419,1997,AL,23,973,7/15/1997,11/10/1997,SEAMAP Trap Video Survey,0
420,1997,US,28,975,9/7/1997,9/27/1997,Fall SEAMAP Plankton Survey,0
421,1997,AL,23,972,9/16/1997,9/16/1997,Fall SEAMAP Plankton Survey,0
422,1997,MS,17,972,9/20/1997,9/22/1997,Fall SEAMAP Plankton Survey,0
423,1997,FL,26,972,10/2/1997,10/6/1997,Fall SEAMAP Plankton Survey,0
424,1997,LA,35,972,10/4/1997,10/7/1997,Fall SEAMAP Groundfish Survey,0
425,1997,US,4,229,10/10/1997,11/20/1997,Fall SEAMAP Groundfish Survey,0
426,1997,AL,23,974,10/21/1997,10/21/1997,Fall SEAMAP Groundfish Survey,0
427,1997,TX,32,972,11/3/1997,11/20/1997,Fall SEAMAP Groundfish Survey,0
428,1997,TX,40,972,11/4/1997,11/20/1997,Fall SEAMAP Groundfish Survey,0
429,1997,MS,17,973,11/7/1997,11/11/1997,Fall SEAMAP Groundfish Survey,0
430,1997,TX,34,972,11/11/1997,11/25/1997,Fall SEAMAP Groundfish Survey,0
431,1997,TX,33,972,11/13/1997,11/21/1997,Fall SEAMAP Groundfish Survey,0
432,1997,TX,31,972,11/13/1997,11/20/1997,Fall SEAMAP Groundfish Survey,0
433,1997,LA,35,973,12/1/1997,12/4/1997,Winter SEAMAP Trawl Survey,0
434,1998,US,28,984,4/19/1998,5/30/1998,Spring SEAMAP Plankton Survey,0
435,1998,AL,23,984,5/19/1998,8/28/1998,SEAMAP Trap Video Survey,0
436,1998,TX,33,981,6/1/1998,6/17/1998,Summer SEAMAP Groundfish Survey,0
437,1998,TX,32,981,6/1/1998,6/25/1998,Summer SEAMAP Groundfish Survey,0
438,1998,AL,23,981,6/2/1998,6/2/1998,Summer SEAMAP Groundfish Survey,0
439,1998,TX,40,981,6/13/1998,6/23/1998,Summer SEAMAP Groundfish Survey,0
440,1998,TX,34,981,6/16/1998,6/22/1998,Summer SEAMAP Groundfish Survey,0
441,1998,TX,31,981,6/16/1998,6/23/1998,Summer SEAMAP Groundfish Survey,0
442,1998,FL,26,981,6/21/1998,6/23/1998,Summer SEAMAP Plankton Survey,0
443,1998,US,4,230,6/22/1998,7/16/1998,Summer SEAMAP Groundfish Survey,0
444,1998,MS,17,981,6/27/1998,7/9/1998,Summer SEAMAP Groundfish Survey,0
445,1998,LA,35,981,7/6/1998,7/9/1998,Summer SEAMAP Groundfish Survey,0
446,1998,US,61,981,7/9/1998,8/20/1998,Fall SEAMAP Plankton Survey,0
447,1998,US,63,981,9/4/1998,9/25/1998,Fall SEAMAP Plankton Survey,0
448,1998,MS,17,982,9/22/1998,9/24/1998,Fall SEAMAP Plankton Survey,0
449,1998,LA,35,982,9/30/1998,10/3/1998,Fall SEAMAP Groundfish Survey,0
450,1998,AL,23,982,10/6/1998,10/6/1998,Fall SEAMAP Plankton Survey,0
451,1998,US,4,232,10/12/1998,11/18/1998,Fall SEAMAP Groundfish Survey,0
452,1998,MS,17,983,10/26/1998,11/1/1998,Fall SEAMAP Groundfish Survey,0
453,1998,AL,23,983,10/27/1998,10/29/1998,Fall SEAMAP Groundfish Survey,0
454,1998,TX,32,982,11/2/1998,11/16/1998,Fall SEAMAP Groundfish Survey,0
455,1998,TX,34,982,11/3/1998,11/16/1998,Fall SEAMAP Groundfish Survey,0
456,1998,TX,31,982,11/3/1998,11/16/1998,Fall SEAMAP Groundfish Survey,0
457,1998,TX,40,982,11/3/1998,11/16/1998,Fall SEAMAP Groundfish Survey,0
458,1998,TX,33,982,11/13/1998,11/17/1998,Fall SEAMAP Groundfish Survey,0
459,1998,LA,35,983,11/17/1998,11/20/1998,Fall SEAMAP Groundfish Survey,0
460,1999,AL,23,994,1/25/1999,12/14/1999,SEAMAP Trap Video Survey,0
461,1999,US,4,234,4/23/1999,5/31/1999,Spring SEAMAP Plankton Survey,0
462,1999,TX,32,991,6/1/1999,6/16/1999,Summer SEAMAP Groundfish Survey,0
463,1999,TX,34,991,6/2/1999,6/19/1999,Summer SEAMAP Groundfish Survey,0
464,1999,AL,23,991,6/3/1999,6/4/1999,Summer SEAMAP Groundfish Survey,0
465,1999,TX,40,991,6/7/1999,6/16/1999,Summer SEAMAP Groundfish Survey,0
466,1999,TX,33,991,6/8/1999,6/16/1999,Summer SEAMAP Groundfish Survey,0
467,1999,TX,65,991,6/10/1999,6/29/1999,Summer SEAMAP Groundfish Survey,0
468,1999,MS,17,991,6/11/1999,7/9/1999,Summer SEAMAP Groundfish Survey,0
469,1999,US,4,235,6/15/1999,7/20/1999,Summer SEAMAP Groundfish Survey,0
470,1999,LA,17,992,7/12/1999,7/15/1999,Summer SEAMAP Groundfish Survey,0
471,1999,US,63,992,9/3/1999,9/29/1999,Fall SEAMAP Plankton Survey,0
472,1999,MS,17,993,9/9/1999,9/10/1999,Fall SEAMAP Plankton Survey,0
473,1999,FL,26,991,9/25/1999,9/29/1999,Fall SEAMAP Plankton Survey,0
474,1999,AL,23,992,9/29/1999,9/29/1999,Fall SEAMAP Plankton Survey,0
475,1999,LA,17,994,10/11/1999,10/14/1999,Fall SEAMAP Groundfish Survey,0
476,1999,US,4,237,10/16/1999,11/22/1999,Fall SEAMAP Groundfish Survey,0
477,1999,US,63,993,10/20/1999,11/22/1999,Fall SEAMAP Groundfish Survey,0
478,1999,MS,17,995,10/22/1999,10/26/1999,Fall SEAMAP Groundfish Survey,0
479,1999,AL,23,993,10/28/1999,10/28/1999,Fall SEAMAP Groundfish Survey,0
480,1999,TX,32,992,11/1/1999,11/16/1999,Fall SEAMAP Groundfish Survey,0
481,1999,TX,40,992,11/1/1999,11/17/1999,Fall SEAMAP Groundfish Survey,0
482,1999,TX,65,992,11/4/1999,12/1/1999,Fall SEAMAP Groundfish Survey,0
483,1999,TX,33,992,11/8/1999,11/23/1999,Fall SEAMAP Groundfish Survey,0
484,1999,TX,34,992,11/8/1999,11/18/1999,Fall SEAMAP Groundfish Survey,0
485,1999,LA,35,993,11/29/1999,12/3/1999,Winter SEAMAP Trawl Survey,0
486,2000,US,63,2,4/20/2000,5/26/2000,Spring SEAMAP Plankton Survey,0
487,2000,TX,40,1,6/1/2000,6/22/2000,Summer SEAMAP Groundfish Survey,0
488,2000,TX,32,1,6/5/2000,6/27/2000,Summer SEAMAP Groundfish Survey,0
489,2000,AL,23,1,6/5/2000,6/12/2000,Summer SEAMAP Groundfish Survey,0
490,2000,TX,31,1,6/6/2000,6/27/2000,Summer SEAMAP Groundfish Survey,0
491,2000,MS,17,1,6/9/2000,7/12/2000,Summer SEAMAP Groundfish Survey,0
492,2000,TX,33,1,6/13/2000,6/26/2000,Summer SEAMAP Groundfish Survey,0
493,2000,TX,65,1,6/13/2000,6/26/2000,Summer SEAMAP Groundfish Survey,0
494,2000,US,4,240,6/13/2000,7/19/2000,Summer SEAMAP Groundfish Survey,0
495,2000,LA,35,1,7/17/2000,7/20/2000,Summer SEAMAP Groundfish Survey,0
496,2000,US,4,242,9/7/2000,10/1/2000,Fall SEAMAP Plankton Survey,0
497,2000,AL,23,2,9/12/2000,9/12/2000,Fall SEAMAP Plankton Survey,0
498,2000,FL,26,1,9/26/2000,9/29/2000,Fall SEAMAP Plankton Survey,0
499,2000,AL,23,4,10/11/2000,11/3/2000,SEAMAP Trap Video Survey,0
500,2000,LA,35,2,10/11/2000,10/13/2000,Fall SEAMAP Groundfish Survey,0
501,2000,MS,17,2,10/13/2000,10/15/2000,Fall SEAMAP Plankton Survey,0
502,2000,US,4,243,10/14/2000,11/19/2000,Fall SEAMAP Groundfish Survey,0
503,2000,AL,23,3,10/19/2000,10/19/2000,Fall SEAMAP Groundfish Survey,0
504,2000,MS,17,3,10/20/2000,10/31/2000,Fall SEAMAP Groundfish Survey,0
505,2000,TX,40,2,11/10/2000,11/20/2000,Fall SEAMAP Groundfish Survey,0
506,2000,TX,32,2,11/10/2000,11/20/2000,Fall SEAMAP Groundfish Survey,0
507,2000,TX,33,2,11/11/2000,11/22/2000,Fall SEAMAP Groundfish Survey,0
508,2000,TX,31,2,11/11/2000,11/21/2000,Fall SEAMAP Groundfish Survey,0
509,2000,TX,65,2,11/15/2000,11/28/2000,Fall SEAMAP Groundfish Survey,0
510,2000,LA,35,3,11/27/2000,12/1/2000,Winter SEAMAP Trawl Survey,0
511,2001,US,63,12,4/18/2001,5/29/2001,Spring SEAMAP Plankton Survey,0
512,2001,AL,66,11,5/18/2001,10/22/2001,SEAMAP Trap Video Survey,0
513,2001,TX,33,11,6/1/2001,6/18/2001,Summer SEAMAP Groundfish Survey,0
514,2001,TX,67,11,6/1/2001,6/18/2001,Summer SEAMAP Groundfish Survey,0
515,2001,MS,17,12,6/8/2001,6/16/2001,Summer SEAMAP Groundfish Survey,0
516,2001,TX,34,11,6/8/2001,6/18/2001,Summer SEAMAP Groundfish Survey,0
517,2001,TX,69,11,6/11/2001,6/18/2001,Summer SEAMAP Groundfish Survey,0
518,2001,TX,40,11,6/11/2001,6/18/2001,Summer SEAMAP Groundfish Survey,0
519,2001,US,4,246,6/12/2001,7/24/2001,Summer SEAMAP Groundfish Survey,0
520,2001,AL,23,11,6/18/2001,6/25/2001,Summer SEAMAP Groundfish Survey,0
521,2001,US,17,13,7/3/2001,7/12/2001,Summer SEAMAP Groundfish Survey,0
522,2001,LA,35,11,7/16/2001,7/19/2001,Summer SEAMAP Groundfish Survey,0
523,2001,US,63,15,8/31/2001,9/7/2001,Fall SEAMAP Plankton Survey,0
524,2001,AL,23,12,9/27/2001,9/27/2001,Fall SEAMAP Plankton Survey,0
525,2001,LA,35,12,10/8/2001,10/21/2001,Fall SEAMAP Groundfish Survey,0
526,2001,FL,26,11,10/11/2001,10/14/2001,Fall SEAMAP Plankton Survey,0
527,2001,US,63,16,10/15/2001,11/19/2001,Comparitive Tow,0
528,2001,US,4,248,10/15/2001,11/19/2001,Fall SEAMAP Groundfish Survey,0
529,2001,MS,17,14,10/18/2001,10/21/2001,Fall SEAMAP Plankton Survey,0
530,2001,AL,23,13,10/23/2001,11/12/2001,Fall SEAMAP Groundfish Survey,0
531,2001,TX,34,12,11/7/2001,11/19/2001,Fall SEAMAP Groundfish Survey,0
532,2001,TX,40,12,11/7/2001,11/18/2001,Fall SEAMAP Groundfish Survey,0
533,2001,TX,69,12,11/7/2001,11/26/2001,Fall SEAMAP Groundfish Survey,0
534,2001,TX,31,12,11/8/2001,11/19/2001,Fall SEAMAP Groundfish Survey,0
535,2001,TX,67,12,11/12/2001,11/19/2001,Fall SEAMAP Groundfish Survey,0
536,2001,MS,17,15,12/4/2001,12/5/2001,Winter SEAMAP Trawl Survey,0
537,2001,LA,35,13,12/10/2001,12/13/2001,Winter SEAMAP Trawl Survey,0
538,2002,US,55,21,2/15/2002,3/8/2002,Reef Fish Video Survey,0
539,2002,US,4,249,4/5/2002,5/30/2002,Reef Fish Survey,0
540,2002,US,63,22,4/18/2002,5/28/2002,Spring SEAMAP Plankton Survey,0
541,2002,MS,17,21,5/16/2002,5/17/2002,Spring SEAMAP Trawl Survey,0
542,2002,TX,32,22,6/3/2002,6/17/2002,Summer SEAMAP Groundfish Survey,0
543,2002,TX,31,22,6/3/2002,6/18/2002,Summer SEAMAP Groundfish Survey,0
544,2002,AL,23,21,6/3/2002,6/26/2002,Summer SEAMAP Groundfish Survey,0
545,2002,TX,33,22,6/5/2002,6/18/2002,Summer SEAMAP Groundfish Survey,0
546,2002,TX,69,22,6/5/2002,6/26/2002,Summer SEAMAP Groundfish Survey,0
547,2002,MS,17,22,6/7/2002,7/5/2002,Summer SEAMAP Groundfish Survey,0
548,2002,TX,67,22,6/12/2002,6/17/2002,Summer SEAMAP Groundfish Survey,0
549,2002,US,4,250,6/12/2002,7/17/2002,Summer SEAMAP Groundfish Survey,0
550,2002,LA,35,21,7/9/2002,7/12/2002,Summer SEAMAP Groundfish Survey,0
551,2002,US,63,25,8/30/2002,9/20/2002,Fall SEAMAP Plankton Survey,0
552,2002,LA,35,22,9/16/2002,9/19/2002,Fall SEAMAP Groundfish Survey,0
553,2002,AL,23,22,9/17/2002,9/17/2002,Fall SEAMAP Plankton Survey,0
554,2002,MS,17,23,10/10/2002,10/11/2002,Fall SEAMAP Plankton Survey,0
555,2002,AL,66,24,10/11/2002,1/31/2003,SEAMAP Trap Video Survey,0
556,2002,US,4,252,10/12/2002,11/17/2002,Fall SEAMAP Groundfish Survey,0
557,2002,MS,17,24,10/18/2002,10/20/2002,Fall SEAMAP Groundfish Survey,0
558,2002,AL,23,23,10/22/2002,10/22/2002,Fall SEAMAP Groundfish Survey,0
559,2002,TX,67,23,11/5/2002,11/17/2002,Fall SEAMAP Groundfish Survey,0
560,2002,TX,69,23,11/6/2002,11/6/2002,Fall SEAMAP Groundfish Survey,0
561,2002,TX,32,23,11/7/2002,11/21/2002,Fall SEAMAP Groundfish Survey,0
562,2002,TX,33,23,11/8/2002,11/19/2002,Fall SEAMAP Groundfish Survey,0
563,2002,TX,65,23,11/19/2002,11/19/2002,Fall SEAMAP Groundfish Survey,0
564,2002,LA,17,25,12/2/2002,12/4/2002,Winter SEAMAP Trawl Survey,0
565,2003,US,4,253,5/13/2003,5/31/2003,Spring SEAMAP Plankton Survey,0
566,2003,MS,17,31,5/13/2003,5/16/2003,Spring SEAMAP Plankton Survey,0
567,2003,TX,67,32,6/2/2003,6/16/2003,Summer SEAMAP Groundfish Survey,0
568,2003,TX,32,32,6/2/2003,6/16/2003,Summer SEAMAP Groundfish Survey,0
569,2003,TX,31,32,6/2/2003,6/17/2003,Summer SEAMAP Groundfish Survey,0
570,2003,TX,69,32,6/3/2003,6/24/2003,Summer SEAMAP Groundfish Survey,0
571,2003,TX,33,32,6/4/2003,6/18/2003,Summer SEAMAP Groundfish Survey,0
572,2003,AL,23,31,6/10/2003,7/2/2003,Summer SEAMAP Groundfish Survey,0
573,2003,US,4,254,6/11/2003,7/17/2003,Summer SEAMAP Groundfish Survey,0
574,2003,MS,17,32,7/3/2003,7/6/2003,Summer SEAMAP Groundfish Survey,0
575,2003,LA,35,31,7/8/2003,7/11/2003,Summer SEAMAP Groundfish Survey,0
576,2003,US,55,37,7/24/2003,7/28/2003,Summer SEAMAP Groundfish Survey,0
577,2003,US,63,33,8/29/2003,9/28/2003,Fall SEAMAP Plankton Survey,0
578,2003,AL,23,32,9/9/2003,9/9/2003,Fall SEAMAP Plankton Survey,0
579,2003,LA,35,32,9/29/2003,10/1/2003,Fall SEAMAP Groundfish Survey,0
580,2003,MS,17,33,10/9/2003,10/14/2003,Fall SEAMAP Groundfish Survey,0
581,2003,US,4,256,10/11/2003,11/18/2003,Fall SEAMAP Groundfish Survey,0
582,2003,AL,23,33,10/21/2003,11/11/2003,Fall SEAMAP Groundfish Survey,0
583,2003,TX,31,33,11/3/2003,11/25/2003,Fall SEAMAP Groundfish Survey,0
584,2003,TX,32,33,11/4/2003,11/20/2003,Fall SEAMAP Groundfish Survey,0
585,2003,TX,40,33,11/4/2003,11/20/2003,Fall SEAMAP Groundfish Survey,0
586,2003,TX,67,33,11/5/2003,11/20/2003,Fall SEAMAP Groundfish Survey,0
587,2003,TX,69,33,11/10/2003,11/19/2003,Fall SEAMAP Groundfish Survey,0
588,2003,LA,35,33,12/16/2003,12/19/2003,Winter SEAMAP Trawl Survey,0
589,2004,MS,17,41,1/14/2004,1/15/2004,Winter SEAMAP Plankton Survey,0
590,2004,US,63,42,4/15/2004,6/10/2004,Spring SEAMAP Plankton Survey,0
591,2004,US,4,258,5/13/2004,5/30/2004,Spring SEAMAP Plankton Survey,0
592,2004,TX,31,42,6/2/2004,6/16/2004,Summer SEAMAP Groundfish Survey,0
593,2004,TX,69,42,6/2/2004,6/29/2004,Summer SEAMAP Groundfish Survey,0
594,2004,AL,23,41,6/3/2004,6/3/2004,Summer SEAMAP Groundfish Survey,0
595,2004,TX,32,42,6/4/2004,6/16/2004,Summer SEAMAP Groundfish Survey,0
596,2004,TX,40,42,6/4/2004,6/21/2004,Summer SEAMAP Groundfish Survey,0
597,2004,US,4,259,6/9/2004,7/16/2004,Summer SEAMAP Groundfish Survey,0
598,2004,MS,17,43,6/11/2004,7/12/2004,Summer SEAMAP Groundfish Survey,0
599,2004,TX,67,42,6/14/2004,6/21/2004,Summer SEAMAP Groundfish Survey,0
600,2004,LA,35,41,7/12/2004,7/15/2004,Summer SEAMAP Groundfish Survey,0
601,2004,US,63,44,9/3/2004,9/29/2004,Fall SEAMAP Plankton Survey,0
602,2004,LA,17,44,9/25/2004,9/25/2004,Fall SEAMAP Plankton Survey,0
603,2004,US,4,261,10/15/2004,11/18/2004,Fall SEAMAP Groundfish Survey,0
604,2004,MS,17,45,10/16/2004,10/19/2004,Summer SEAMAP Groundfish Survey,0
605,2004,LA,35,42,10/18/2004,10/21/2004,Fall SEAMAP Groundfish Survey,0
606,2004,AL,23,42,10/21/2004,10/21/2004,Fall SEAMAP Groundfish Survey,0
607,2004,TX,69,43,11/3/2004,11/29/2004,Fall SEAMAP Groundfish Survey,0
608,2004,TX,32,43,11/4/2004,11/22/2004,Fall SEAMAP Groundfish Survey,0
609,2004,TX,67,43,11/4/2004,11/18/2004,Fall SEAMAP Groundfish Survey,0
610,2004,TX,40,43,11/7/2004,12/12/2004,Fall SEAMAP Groundfish Survey,0
611,2004,TX,31,43,11/10/2004,11/26/2004,Fall SEAMAP Groundfish Survey,0
612,2004,LA,35,43,12/6/2004,12/9/2004,Winter SEAMAP Trawl Survey,0
613,2005,MS,17,51,5/11/2005,5/13/2005,Spring SEAMAP Plankton Survey,0
614,2005,TX,40,52,6/1/2005,6/16/2005,Summer SEAMAP Groundfish Survey,0
615,2005,AL,23,51,6/2/2005,6/7/2005,Summer SEAMAP Groundfish Survey,0
616,2005,TX,32,52,6/2/2005,6/23/2005,Summer SEAMAP Groundfish Survey,0
617,2005,TX,69,52,6/7/2005,6/7/2005,Summer SEAMAP Groundfish Survey,0
618,2005,TX,31,52,6/13/2005,6/16/2005,Summer SEAMAP Groundfish Survey,0
619,2005,US,4,265,6/15/2005,8/1/2005,Summer SEAMAP Groundfish Survey,0
620,2005,MS,17,52,6/24/2005,7/4/2005,Summer SEAMAP Groundfish Survey,0
621,2005,TX,65,52,6/28/2005,6/28/2005,Summer SEAMAP Groundfish Survey,0
622,2005,TX,67,52,7/5/2005,7/5/2005,Summer SEAMAP Groundfish Survey,0
623,2005,LA,35,51,7/7/2005,7/9/2005,Summer SEAMAP Groundfish Survey,0
625,2005,LA,35,52,10/10/2005,10/13/2005,Fall SEAMAP Groundfish Survey,0
626,2005,US,63,55,10/11/2005,11/15/2005,Fall SEAMAP Groundfish Survey,0
627,2006,LA,35,61,6/20/2006,6/23/2006,Summer SEAMAP Groundfish Survey,0
628,2005,AL,23,52,10/19/2005,10/19/2005,Fall SEAMAP Groundfish Survey,0
629,2005,TX,32,53,11/2/2005,11/21/2005,Fall SEAMAP Groundfish Survey,0
630,2005,TX,67,53,11/2/2005,11/21/2005,Fall SEAMAP Groundfish Survey,0
631,2005,TX,40,53,11/3/2005,11/20/2005,Fall SEAMAP Groundfish Survey,0
632,2005,US,4,267,11/6/2005,11/16/2005,Fall SEAMAP Groundfish Suvey,0
633,2005,TX,31,53,11/9/2005,11/22/2005,Fall SEAMAP Groundfish Survey,0
634,2005,TX,69,53,11/13/2005,11/29/2005,Fall SEAMAP Groundfish Survey,0
635,2006,US,63,62,4/23/2006,5/29/2006,Spring SEAMAP Plankton Survey,0
636,2006,AL,23,61,6/1/2006,6/15/2006,Summer SEAMAP Groundfish Survey,0
637,2006,TX,65,62,6/3/2006,6/23/2006,Summer SEAMAP Groundfish Survey,0
638,2006,TX,69,62,6/5/2006,6/27/2006,Summer SEAMAP Groundfish Survey,0
639,2006,TX,40,62,6/5/2006,6/23/2006,Summer SEAMAP Groundfish Survey,0
640,2006,TX,32,62,6/5/2006,6/26/2006,Summer SEAMAP Groundfish Survey,0
641,2006,TX,67,62,6/5/2006,6/26/2006,Summer SEAMAP Groundfish Survey,0
642,2006,MS,17,61,6/6/2006,7/5/2006,Summer SEAMAP Groundfish Survey,0
643,2006,US,4,271,6/14/2006,7/16/2006,Summer SEAMAP Groundfish Survey,0
644,2006,US,63,64,8/31/2006,9/27/2006,Fall SEAMAP Plankton Survey,0
645,2006,AL,23,62,9/5/2006,9/5/2006,Fall SEAMAP Plankton Survey,0
646,2006,MS,17,62,10/5/2006,10/8/2006,Fall SEAMAP Groundfish Survey,0
647,2006,US,63,65,10/13/2006,11/19/2006,Fall SEAMAP Groundfish Survey,0
648,2006,US,4,273,10/15/2006,11/20/2006,Fall SEAMAP Groundfish Survey,0
649,2006,AL,23,63,10/25/2006,11/9/2006,Fall SEAMAP Groundfish Survey,0
650,2006,TX,40,63,11/1/2006,11/17/2006,Fall SEAMAP Groundfish Survey,0
651,2006,TX,65,63,11/1/2006,11/17/2006,Fall SEAMAP Groundfish Survey,0
652,2006,TX,32,63,11/1/2006,11/20/2006,Fall SEAMAP Groundfish Survey,0
653,2006,TX,69,63,11/1/2006,11/27/2006,Fall SEAMAP Groundfish Survey,0
654,2006,LA,35,62,12/12/2006,12/15/2006,Winter SEAMAP Trawl Survey,0
655,2007,US,63,72,3/18/2007,3/28/2007,Spring SEAMAP Plankton Survey,0
656,2007,US,63,73,4/17/2007,5/29/2007,Spring SEAMAP Plankton Survey,0
657,2007,AL,23,71,6/4/2007,6/27/2007,Summer SEAMAP Groundfish Survey,0
658,2007,MS,17,71,6/5/2007,6/9/2007,Spring SEAMAP Plankton Survey,0
659,2007,US,4,276,6/7/2007,8/3/2007,Summer SEAMAP Groundfish Survey,0
660,2007,MS,17,72,6/12/2007,7/8/2007,Summer SEAMAP Groundfish Survey,0
661,2007,LA,35,71,6/26/2007,6/29/2007,Summer SEAMAP Groundfish Survey,0
662,2007,US,63,75,8/29/2007,9/28/2007,Fall SEAMAP Plankton Survey,0
663,2007,MS,17,73,9/28/2007,9/29/2007,SEAMAP Fall Plankton Survey,0
664,2007,LA,35,72,10/8/2007,10/11/2007,Fall SEAMAP Groundfish Survey,0
666,2007,US,4,278,10/15/2007,11/11/2007,Fall SEAMAP Groundfish Survey,0
667,2007,LA,35,73,12/4/2007,12/7/2007,Winter SEAMAP Trawl Survey,0
668,2008,LA,35,81,4/1/2008,4/4/2008,Spring SEAMAP Trawl Survey,0
669,2008,LA,35,82,6/23/2008,6/26/2008,Summer SEAMAP Groundfish Survey,0
670,2008,LA,35,84,9/23/2008,9/26/2008,Fall SEAMAP Groundfish Survey,0
673,2007,TX,32,72,6/4/2007,6/20/2007,Summer SEAMAP Groundfish Survey,0
674,2007,TX,32,73,11/1/2007,11/19/2007,Fall SEAMAP Groundfish Survey,0
675,2007,TX,40,72,6/5/2007,6/21/2007,Summer SEAMAP Groundfish Survey,0
676,2007,TX,67,72,6/4/2007,6/21/2007,Summer SEAMAP Groundfish Survey,0
677,2007,TX,31,72,6/5/2007,6/23/2007,Summer SEAMAP Groundfish Survey,0
678,2007,TX,69,72,6/5/2007,6/21/2007,Summer SEAMAP Groundfish Survey,0
679,2007,TX,40,73,11/1/2007,11/28/2007,Fall SEAMAP Groundfish Survey,0
680,2007,TX,67,73,11/1/2007,11/19/2007,Fall SEAMAP Groundfish Survey,0
681,2007,TX,31,73,11/2/2007,11/19/2007,Fall SEAMAP Groundfish Survey,0
682,2007,TX,69,73,11/8/2007,11/27/2007,Fall SEAMAP Groundfish Survey,0
701,2008,MS,17,82,5/31/2008,6/3/2008,Summer SEAMAP Groundfish Survey,0
702,2007,MS,17,74,10/10/2007,10/13/2007,Fall SEAMAP Groundfish Survey,0
703,2008,AL,23,81,6/2/2008,6/16/2008,Summer SEAMAP Groundfish Survey,0
704,2008,AL,23,82,9/17/2008,9/17/2008,Fall SEAMAP Plankton Survey,0
705,2008,AL,23,83,11/7/2008,11/17/2008,Fall SEAMAP Groundfish Survey,0
706,2008,FL,17,83,8/1/2008,8/10/2008,Summer SEAMAP Groundfish Survey,0
707,2007,AL,23,72,9/12/2007,9/12/2007,Fall SEAMAP Plankton Survey,0
708,2007,AL,23,73,10/9/2007,11/6/2007,Fall SEAMAP Groundfish Survey,0
709,2008,MS,17,81,5/20/2008,5/21/2008,Spring SEAMAP Plankton Survey,0
710,2008,MS,17,84,9/27/2008,9/29/2008,Fall SEAMAP Plankton Survey,0
711,2008,MS,17,87,11/19/2008,11/19/2008,Fall SEAMAP Groundfish Survey,0
712,2008,US,63,82,4/20/2008,5/30/2008,Spring SEAMAP Plankton Survey,0
713,2003,US,72,31,10/22/2003,11/23/2003,SEAMAP Trap Video Survey,0
714,2009,LA,35,91,1/26/2009,1/29/2009,Winter SEAMAP Groundfish Survey,0
715,2009,MS,17,91,3/3/2009,3/5/2009,Winter SEAMAP Plankton Survey,0
716,2008,US,4,282,6/11/2008,7/16/2008,Summer SEAMAP Groundfish Survey,0
717,2009,AL,23,91,1/21/2009,1/21/2009,Winter SEAMAP Groundfish Survey,0
718,2008,TX,32,82,6/2/2008,6/16/2008,Summer SEAMAP Groundfish Survey,0
719,2008,TX,32,83,11/3/2008,11/20/2008,Fall SEAMAP Groundfish Survey,0
720,2008,TX,40,82,6/11/2008,6/17/2008,Summer SEAMAP Groundfish Survey,0
721,2008,TX,67,82,6/9/2008,6/16/2008,Summer SEAMAP Groundfish Survey,0
722,2008,TX,31,82,6/11/2008,6/23/2008,Summer SEAMAP Groundfish Survey,0
723,2008,TX,69,82,6/2/2008,6/24/2008,Summer SEAMAP Groundfish Survey,0
724,2008,TX,40,83,11/13/2008,11/17/2008,Fall SEAMAP Groundfish Survey,0
725,2008,TX,67,83,11/8/2008,11/17/2008,Fall SEAMAP Groundfish Survey,0
726,2008,TX,31,83,11/3/2008,11/18/2008,Fall SEAMAP Groundfish Survey,0
727,2008,TX,69,83,11/8/2008,11/19/2008,Fall SEAMAP Groundfish Survey,0
728,2004,US,55,41,2/22/2004,3/14/2004,SEAMAP Trap Video Survey,0
729,2009,LA,35,92,3/15/2009,3/18/2009,Spring SEAMAP Groundfish Survey,0
730,2009,AL,23,92,6/8/2009,6/11/2009,Summer SEAMAP Groundfish Survey,0
732,2005,US,72,54,10/18/2005,10/27/2005,SEAMAP Trap Video Survey,0
733,2005,US,72,52,5/23/2005,7/29/2005,SEAMAP Trap Video Survey,0
734,2005,US,4,264,4/20/2005,5/11/2005,SEAMAP Trap Video Survey,0
735,2005,US,55,53,2/16/2005,3/25/2005,SEAMAP Trap Video Survey,0
736,2009,LA,35,93,6/16/2009,6/19/2009,Summer SEAMAP Groundfish Survey,0
737,2009,TX,69,91,2/12/2009,2/23/2009,Winter SEAMAP Groundfish Survey,0
738,2009,TX,67,91,2/3/2009,2/23/2009,Winter SEAMAP Groundfish Survey,0
739,2009,TX,40,91,2/3/2009,2/24/2009,Winter SEAMAP Groundfish Survey,0
740,2009,TX,32,91,2/3/2009,2/23/2009,Winter SEAMAP Groundfish Survey,0
741,2009,TX,31,91,2/12/2009,2/23/2009,Winter SEAMAP Groundfish Survey,0
742,2006,US,4,270,4/16/2006,5/9/2006,Reef Fish Survey,0
743,2006,US,72,63,5/25/2006,7/7/2006,Reef Fish Survey,0
744,2006,US,72,65,7/27/2006,8/11/2006,Reef Fish Survey,0
745,2006,US,55,61,2/17/2006,3/28/2006,Reef Fish Survey,0
746,2007,US,4,275,4/22/2007,5/30/2007,SEAMAP Trap Video Survey,0
747,2007,US,55,72,2/6/2007,3/9/2007,SEAMAP Trap Video Survey,0
748,2009,FL,17,94,7/10/2009,7/30/2009,Summer SEAMAP Groundfish Survey,0
749,2009,LA,35,94,9/22/2009,9/25/2009,Fall SEAMAP Groundfish Survey,0
750,2009,AL,23,94,10/28/2009,10/28/2009,Fall SEAMAP Groundfish Survey,0
751,2009,MS,17,93,6/2/2009,7/1/2009,Summer SEAMAP Groundfish Survey,0
752,2009,TX,31,92,6/3/2009,6/24/2009,Summer SEAMAP Groundfish Survey,0
753,2009,TX,32,92,6/3/2009,6/24/2009,Summer SEAMAP Groundfish Survey,0
754,2009,TX,40,92,6/1/2009,6/23/2009,Summer SEAMAP Groundfish Survey,0
755,2009,TX,67,92,6/1/2009,6/24/2009,Summer SEAMAP Groundfish Survey,0
756,2009,TX,69,92,6/15/2009,6/23/2009,Summer SEAMAP Groundfish Survey,0
757,2009,TX,31,93,11/2/2009,11/18/2009,Fall SEAMAP Groundfish Survey,0
758,2009,TX,32,93,11/2/2009,11/18/2009,Fall SEAMAP Groundfish Survey,0
759,2009,TX,40,93,11/2/2009,11/18/2009,Fall SEAMAP Groundfish Survey,0
760,2009,TX,67,93,11/2/2009,11/17/2009,Fall SEAMAP Groundfish Survey,0
761,2009,TX,69,93,11/4/2009,11/17/2009,Fall SEAMAP Groundfish Survey,0
762,2009,FL,17,97,10/9/2009,10/28/2009,Fall SEAMAP Groundfish Survey,0
763,2008,US,4,284,10/10/2008,11/18/2008,Fall SEAMAP Groundfish Survey,0
764,2008,FL,17,86,10/15/2008,10/22/2008,Fall SEAMAP Groundfish Survey,0
765,2010,FL,17,102,6/25/2010,7/16/2010,Summer SEAMAP Groundfish Survey,0
766,2009,US,63,94,8/26/2009,9/28/2009,Fall SEAMAP Plankton Survey,0
767,2009,US,63,91,2/5/2009,3/14/2009,Winter SEAMAP Plankton Survey,0
768,2009,MS,17,96,10/2/2009,10/5/2009,Fall SEAMAP Groundfish Survey,0
769,2010,MS,17,101,5/31/2010,8/26/2010,Summer SEAMAP Groundfish Survey,0
770,2009,US,4,287,6/8/2009,7/17/2009,Summer SEAMAP Groundfish Survey,0
771,2009,US,63,92,4/3/2009,6/1/2009,Spring SEAMAP Plankton Survey,0
772,2010,MS,17,105,9/17/2010,9/20/2010,Fall SEAMAP Plankton Survey,0
773,2010,MS,17,106,10/6/2010,10/8/2010,Fall SEAMAP Groundfish Survey,0
774,2009,US,4,289,10/10/2009,11/20/2009,Fall SEAMAP Groundfish Survey,0
778,2010,AL,77,101,2/20/2010,2/20/2010,Winter SEAMAP Groundfish Survey,0
780,2010,AL,77,102,6/2/2010,6/8/2010,Summer SEAMAP Groundfish Survey,0
781,2010,AL,77,104,10/17/2010,10/18/2010,Fall SEAMAP Groundfish Survey,0
782,2010,LA,35,101,2/25/2010,2/28/2010,Winter SEAMAP Groundfish Survey,0
783,2008,US,4,281,4/13/2008,5/21/2008,Reef Fish Survey,0
784,2008,US,55,81,2/2/2008,3/12/2008,Reef Fish Survey,0
785,2008,US,72,82,6/12/2008,8/10/2008,Reef Fish Survey,0
786,2008,US,63,84,9/5/2008,9/30/2008,Fall SEAMAP Plankton Survey,0
787,2008,US,4,280,2/7/2008,3/15/2008,Winter SEAMAP Plankton Survey,0
788,2010,TX,31,101,2/14/2010,2/17/2010,Winter SEAMAP Groundfish Survey,0
789,2010,TX,32,101,2/5/2010,2/16/2010,Winter SEAMAP Groundfish Survey,0
790,2010,TX,40,101,2/1/2010,2/17/2010,Winter SEAMAP Groundfish Survey,0
791,2010,TX,67,101,2/5/2010,2/16/2010,Winter SEAMAP Groundfish Survey,0
792,2010,TX,69,101,2/1/2010,2/17/2010,Winter SEAMAP Groundfish Survey,0
793,2010,TX,31,102,6/7/2010,6/21/2010,Summer SEAMAP Groundfish Survey,0
794,2010,TX,32,102,6/1/2010,6/16/2010,Summer SEAMAP Groundfish Survey,0
795,2010,TX,40,102,6/2/2010,6/17/2010,Summer SEAMAP Groundfish Survey,0
796,2010,TX,67,102,6/1/2010,6/21/2010,Summer SEAMAP Groundfish Survey,0
797,2010,TX,69,102,6/3/2010,6/21/2010,Summer SEAMAP Groundfish Survey,0
798,2011,AL,77,111,2/15/2011,2/15/2011,Winter SEAMAP Groundfish Survey,0
799,2010,LA,35,102,4/16/2010,4/19/2010,Spring SEAMAP Groundfish Survey,0
800,2010,LA,35,103,6/8/2010,6/11/2010,Summer SEAMAP Groundfish Survey,0
801,2010,LA,35,104,9/22/2010,9/24/2010,Fall SEAMAP Groundfish Survey,0
802,2009,MS,17,95,9/16/2009,9/17/2009,Fall SEAMAP Plankton Survey,0
803,2011,AL,77,112,6/15/2011,6/15/2011,Summer SEAMAP Groundfish Survey,0
804,2011,TX,31,111,2/12/2011,2/23/2011,Winter SEAMAP Groundfish Survey,0
805,2011,TX,32,111,2/8/2011,2/17/2011,Winter SEAMAP Groundfish Survey,0
806,2011,TX,40,111,2/11/2011,2/19/2011,Winter SEAMAP Groundfish Survey,0
807,2011,TX,67,111,2/8/2011,2/16/2011,Winter SEAMAP Groundfish Survey,1
808,2011,TX,69,111,2/12/2011,2/23/2011,Winter SEAMAP Groundfish Survey,1
809,2009,US,72,95,6/11/2009,8/1/2009,Reef Fish Survey,0
810,2009,US,4,286,4/15/2009,5/28/2009,Reef Fish Survey,0
811,2011,LA,35,111,6/20/2011,6/23/2011,Summer SEAMAP Groundfish Survey,
812,2011,MS,17,115,10/21/2011,10/25/2011,Fall SEAMAP Groundfish Survey,0
813,2011,MS,17,112,6/3/2011,6/5/2011,Summer SEAMAP Groundfish Survey,0
814,2010,FL,17,107,10/14/2010,10/22/2010,Fall SEAMAP Groundfish Survey,0
815,2010,US,4,290,6/26/2010,8/2/2010,Summer SEAMAP Groundfish Survey,0
816,2010,US,4,292,10/9/2010,11/18/2010,Fall SEAMAP Groundfish Survey,0
817,2011,US,4,295,6/7/2011,7/17/2011,Summer SEAMAP Groundfish Survey,0
818,2011,AL,77,114,11/1/2011,11/12/2011,Fall SEAMAP Groundfish Survey,0
819,2011,US,4,297,10/10/2011,11/6/2011,Fall SEAMAP Groundfish Survey,0
820,2011,TX,31,112,6/1/2011,6/28/2011,Summer SEAMAP Groundfish Survey,3
821,2011,TX,32,112,6/1/2011,6/27/2011,Summer SEAMAP Groundfish Survey,3
822,2011,TX,40,112,6/2/2011,6/29/2011,Summer SEAMAP Groundfish Survey,3
823,2011,TX,67,112,6/7/2011,6/23/2011,Summer SEAMAP Groundfish Survey,3
824,2011,TX,69,112,6/1/2011,6/23/2011,Summer SEAMAP Groundfish Survey,3
825,2011,TX,31,113,11/5/2011,11/29/2011,Fall SEAMAP Groundfish Survey,3
826,2011,TX,32,113,11/1/2011,11/16/2011,Fall SEAMAP Groundfish Survey,3
827,2011,TX,40,113,11/11/2011,11/16/2011,Fall SEAMAP Groundfish Survey,3
828,2011,TX,67,113,11/1/2011,11/16/2011,Fall SEAMAP Groundfish Survey,3
829,2011,TX,69,113,11/1/2011,11/16/2011,Fall SEAMAP Groundfish Survey,3
830,2010,US,76,103,6/17/2010,7/11/2010,SEAMAP Reef Fish Survey,0
831,2010,US,72,101,3/17/2010,4/2/2010,SEAMAP Reef Fish Survey,0
832,2010,US,72,103,5/14/2010,6/3/2010,SEAMAP Reef Fish Survey,0
833,2010,US,72,105,8/20/2010,9/5/2010,SEAMAP Reef Fish Survey,0
834,2010,US,63,101,4/7/2010,5/22/2010,Spring SEAMAP Plankton Survey,0
835,2010,US,63,104,8/25/2010,9/28/2010,Fall SEAMAP Plankton Survey,0
836,2011,FL,17,113,6/8/2011,7/31/2011,Summer SEAMAP Groundfish Survey,0
837,2009,FL,75,91,7/14/2009,7/16/2009,Summer SEAMAP Groundfish Survey,0
838,2010,FL,75,102,7/7/2010,7/10/2010,Summer SEAMAP Groundfish Survey,0
839,2010,TX,31,103,11/8/2010,11/19/2010,Fall SEAMAP Groundfish Survey,
840,2010,TX,32,103,11/1/2010,11/19/2010,Fall SEAMAP Groundfish Survey,
841,2010,TX,40,103,11/9/2010,11/18/2010,Fall SEAMAP Groundfish Survey,
842,2010,TX,67,103,11/1/2010,11/17/2010,Fall SEAMAP Groundfish Survey,
843,2010,TX,69,103,11/8/2010,11/17/2010,Fall SEAMAP Groundfish Survey,
844,2012,AL,77,121,6/29/2012,6/30/2012,Summer SEAMAP Groundfish Survey,0
845,2012,AL,77,123,10/9/2012,10/10/2012,Fall SEAMAP Groundfish Survey,0
846,2012,MS,17,122,5/29/2012,5/31/2012,Summer SEAMAP Groundfish Survey,0
847,2012,TX,31,122,6/7/2012,7/6/2012,Summer SEAMAP Groundfish Survey,
848,2012,TX,32,122,6/5/2012,7/3/2012,Summer SEAMAP Groundfish Survey,
849,2012,TX,40,122,6/15/2012,7/3/2012,Summer SEAMAP Groundfish Survey,
850,2012,TX,69,122,6/7/2012,7/3/2012,Summer SEAMAP Groundfish Survey,
851,2012,TX,87,122,6/5/2012,7/12/2012,Summer SEAMAP Groundfish Survey,
852,2012,TX,31,123,11/2/2012,11/20/2012,Fall SEAMAP Groundfish Survey,
853,2012,TX,32,123,11/1/2012,11/19/2012,Fall SEAMAP Groundfish Survey,
854,2012,TX,40,123,11/1/2012,11/18/2012,Fall SEAMAP Groundfish Survey,
855,2012,TX,69,123,11/7/2012,11/19/2012,Fall SEAMAP Groundfish Survey,
856,2012,TX,87,123,11/1/2012,11/26/2012,Fall SEAMAP Groundfish Survey,
857,2012,FL,17,123,6/7/2012,7/4/2012,Summer SEAMAP Groundfish Survey,0
858,2011,US,63,111,3/31/2011,5/27/2011,Spring SEAMAP Plankton Survey,0
859,2011,US,63,113,8/26/2011,9/28/2011,Fall SEAMAP Plankton Survey,0
860,2012,MS,17,1205,10/3/2012,10/4/2012,Fall SEAMAP Groundfish Survey,0
